<?xml version="1.0"?>
<image xmlns="http://www.vips.ecs.soton.ac.uk//dzsave" date="2025-05-18T00:41:59.122965-04" version="8.16.1">
  <properties>
    <property>
      <name>width</name>
      <value type="gint">2880</value>
    </property>
    <property>
      <name>height</name>
      <value type="gint">1800</value>
    </property>
    <property>
      <name>bands</name>
      <value type="gint">3</value>
    </property>
    <property>
      <name>xoffset</name>
      <value type="gint">0</value>
    </property>
    <property>
      <name>yoffset</name>
      <value type="gint">0</value>
    </property>
    <property>
      <name>xres</name>
      <value type="gdouble">2.8346456692913389</value>
    </property>
    <property>
      <name>yres</name>
      <value type="gdouble">2.8346456692913389</value>
    </property>
    <property>
      <name>vips-loader</name>
      <value type="VipsRefString">jpegload</value>
    </property>
    <property>
      <name>jpeg-multiscan</name>
      <value type="gint">0</value>
    </property>
    <property>
      <name>jpeg-chroma-subsample</name>
      <value type="VipsRefString">4:2:0</value>
    </property>
    <property>
      <name>vips-sequential</name>
      <value type="gint">1</value>
    </property>
  </properties>
</image>
